reference_view,paired_view,X_relative,Y_relative,Z_relative
1,3,-0.47236981403182204,-0.2871781887057958,0.8712363625170337
1,3,0.008500812248626689,-0.12394108815588231,0.8755470526931745
1,3,-0.29684161753052357,0.20771914913758124,1.0676183430844026
1,3,0.06997034036713072,0.18969222730275084,1.2035359687222265
1,3,-0.7683183413842622,0.23465358995083285,1.4558454880138283
1,3,-0.42435689508802865,0.2441551462684504,1.0304082644174954
1,3,-0.03063228767236775,-0.5342557632533209,1.077432419355587
1,3,-0.034913624389496564,0.16500507056204777,1.15759381306889
1,3,-0.09410342281405065,0.37119370669820234,1.1604747596685956
1,3,-0.13214701783617522,-0.5379939511956896,1.0404764641674527
1,3,-0.2551025663010219,0.32582155256681683,1.1024352607127232
1,3,-0.14080859713861468,-0.17153787698403503,0.8565531874527197
1,3,0.034894532274401174,-0.007399820926637295,1.349719717332492
1,3,-0.19955806578125931,0.28637442112701345,1.1149667395988807
1,3,-0.3793770717018044,0.2600521971924506,1.0499515750388932
1,3,-1.5429203734328545,0.6711442379332284,3.0245306058462478
1,3,-0.18235023615653373,0.008000382095774314,0.6803126243765883
1,3,-0.24807618518192917,-0.4518443989811878,1.0071215248827006
1,3,-0.24807618518192917,-0.4518443989811878,1.0071215248827006
1,3,-0.17890325773869373,-0.2427081865489849,0.6217033033991524
1,3,-0.2488468468840851,-0.452230757664074,1.0075821717063675
1,3,-0.2488468468840851,-0.452230757664074,1.0075821717063675
1,3,-0.11494902654664262,-0.5209910395280597,1.9982155757418603
1,3,0.0781179798555356,0.33076832246238375,1.2233012624655466
1,3,0.09177600161430019,-0.5839105774536646,1.1162677369794654
1,3,0.06596037585927975,0.19699793199642848,1.2006304606439129
1,3,-0.5635007816408752,-0.9509341598383234,1.6398564865560825
1,4,-0.6054765103163945,-0.5279048965777735,1.3188432386657234
1,4,-0.4563689867146926,-0.49274063197849716,1.271587237622428
1,4,-0.4563689867146926,-0.49274063197849716,1.271587237622428
1,4,-0.2752670355380672,0.4258595740328359,1.4550351106518224
1,4,-0.37142111165011266,-0.6897651297461039,1.2920965725465308
1,4,-0.2379949791103716,-0.4892993936277738,1.2574526359194838
1,4,-0.24502368547625308,-0.6513878654762981,1.282445561376366
1,4,-0.24482406206334187,-0.6509496174398407,1.2810563656521836
1,4,-0.4041672950510096,0.2975032863949222,1.412826909332266
1,4,-0.24142328646539482,-0.6603396567160235,1.262606354546679
1,4,-0.2789092462196379,0.4320677926424639,1.4551985266476009
1,4,-0.24080523632894413,-0.4494107680984681,1.254416899092698
1,4,-0.6159666359167122,0.2383379150724552,1.40758563757498
1,4,-0.24474681615678745,-0.4772089132723131,1.2575938132943152
1,4,-0.454100799813819,-0.48371674349693633,1.2729667696687859
1,4,-0.2555750941752534,-0.6342732259756464,1.274542087357153
1,4,-0.5257315101880539,0.4409302958464546,1.4721940207675062
1,4,-0.5257315101880539,0.4409302958464546,1.4721940207675062
1,4,-0.6400642232443969,0.40956821257418924,1.465338799854276
1,4,-0.6400642232443969,0.40956821257418924,1.465338799854276
1,4,-0.2555750941752534,-0.6342732259756464,1.274542087357153
1,4,-0.2817118390575584,0.20819964065265584,1.3946197447496078
1,4,-0.29278019386040666,0.31867128569869313,1.4402064659056748
1,4,-0.5027542827732997,0.28808308639435487,1.4167297964204395
1,4,-0.26059514450997784,-0.5835989113772306,1.2476671068195295
1,4,-0.2627224015244392,-0.4759275660879617,1.2580933103720409
1,4,-0.2776394858394313,-0.6535238949886416,1.2754781078332162
1,4,-0.2776394858394313,-0.6535238949886416,1.2754781078332162
1,4,-0.4894963684217412,0.25275615013954567,1.3845599111279085
1,4,-0.2937701084702412,0.1597750216765218,1.3848891885561083
1,4,-0.2955373274224558,0.25297390183153334,1.3878211461071595
1,4,-0.26886267221462196,-0.5300597335273568,1.2628998738513986
1,4,-0.632014676820119,0.4081003113536738,1.465062413661347
1,4,-0.2697307640520293,-0.5855210756983376,1.2628225682194911
1,4,-0.45129392647992483,-0.5614095326095908,1.283538148641485
1,4,-0.45129392647992483,-0.5614095326095908,1.283538148641485
1,4,0.17569910970466118,0.018894356085492156,1.3379378054767548
1,4,0.17249044528520613,-0.10686935021914093,1.3182837776672136
1,4,-0.7013678954449479,0.12201832121822159,1.3839185070556972
1,4,-0.6826771153700308,-0.0868778784570531,1.3468569129649293
1,4,-0.6826771153700308,-0.0868778784570531,1.3468569129649293
1,4,-0.587424569805063,0.14549701052734879,1.3718524119087814
1,4,-0.660163780855701,-0.2904860299900841,1.3032853069741892
1,4,0.16232971287588818,-0.6373115991341601,1.2909608280493223
1,4,0.14342740924796094,-0.6476089542790797,1.2786612545340057
1,4,-0.3969861487305338,0.3665178771667082,1.43852845158924
1,4,0.13092513568289055,-0.45600478740942263,1.2693923219331305
1,4,-0.5057453053063768,0.3668440564108313,1.4533184764138087
1,4,0.12563374944499803,-0.456957404936304,1.25863364372609
1,4,0.12586017672305105,-0.5740749502339233,1.2740253145823424
1,4,0.11984174288409814,-0.6792690401097379,1.281300045168816
1,4,0.11305120116262324,-0.6731595230990265,1.2763307115334368
1,4,-0.6616852151661938,-0.31746172290840236,1.3144181216557662
1,4,-0.44743535916509736,-0.6264382860616754,1.2898310179102472
1,4,-0.6693790513181027,-0.4864735830456673,1.3300935218694476
1,4,0.09875808790023527,-0.44364092149631545,1.2471067914907095
1,4,0.11080045965421018,0.367956982727347,1.4299311897571823
1,4,0.10705121963153208,0.21731609879147948,1.3984237236608605
1,4,-0.7103979450940822,0.23596158956243496,1.4139551094936396
1,4,-0.7103979450940822,0.23596158956243496,1.4139551094936396
1,4,-0.44368220039757506,-0.5460876487815491,1.2846488599643857
1,4,0.08752003362374139,-0.5783078801904035,1.2622359573399171
1,4,-0.5993846873129236,0.2505607463822829,1.4211184861602617
1,4,-0.5912814358635478,0.22800152792837494,1.4020730543157165
1,4,0.0802931192282753,-0.47581067200848254,1.2656794718387352
1,4,-0.4886770635808075,0.27525139563666284,1.4196896763555118
1,4,0.08606095831346958,0.42330528884940916,1.446433457478578
1,4,-0.5587914948945105,-0.6864196758913967,1.324619382455249
1,4,0.08057074408661263,0.22353876268373757,1.4078361293684853
1,4,-0.4998530816562075,0.37156932250530667,1.454562630297063
1,4,-0.5012372698003652,0.4158942302255969,1.4582727571534029
1,4,-0.6930624696830462,0.12272604733521211,1.3847359070745797
1,4,-0.6930624696830462,0.12272604733521211,1.3847359070745797
1,4,-0.6520825205000302,-0.11385932920299888,1.3028337486046324
1,4,-0.3885021563877978,0.3389339427800449,1.4332514167284929
1,4,0.06799146277321878,0.3371385360020831,1.4146313916714799
1,4,0.06035202744541862,-0.5637621131914351,1.2592920938457763
1,4,0.06057330243536706,-0.510001174105564,1.2654599892398941
1,4,-0.6757450519706146,-0.018588639660577097,1.3533793862988097
1,4,-0.653117974093276,-0.2981885923939309,1.3095534224203738
1,4,-0.5376943993440102,-0.48848040010924737,1.2872445791205847
1,4,-0.6713601168980144,-0.5985905932390688,1.3472761371815725
1,4,-0.4937466011656283,0.40370436901171003,1.4496082719041348
1,4,-0.658196959926919,-0.029804197929010585,1.3205173120129037
1,4,-0.6654762522959464,-0.4841135814709999,1.335684296868003
1,4,-0.38463713158053325,0.35304805902007186,1.4351397628923097
1,4,0.04688078402879053,-0.5927686737045544,1.2693952225959377
1,4,-0.38379419135435666,0.33875201435968294,1.4371557468875766
1,4,-0.3837005555122694,0.345539471640389,1.4383013433161982
1,4,-0.3837005555122694,0.345539471640389,1.4383013433161982
1,4,0.04112897534526129,0.28338450940248916,1.394349129213764
1,4,-0.4964484222707795,0.42262077263578557,1.4671310531049824
1,4,0.031128637128449276,-0.4728786618345937,1.251019504740952
1,4,0.4484920798007272,7.548748600611805,37.63757745879892
1,4,0.02724479657264414,-0.6112641539437446,1.2754285664004892
1,4,-0.47431003068627897,0.2981259803088843,1.4073116807824972
1,4,0.028572539338096413,0.16638540062860618,1.3655191128431958
1,4,0.027862673750163918,0.19778113524175417,1.393389578789852
1,4,0.02366641863407298,-0.45068170858516465,1.2476632472195326
1,4,0.023203345613611502,-0.4403657295160796,1.242637467080905
1,4,-0.6493868237416408,-0.3406973440741935,1.3125924783136045
1,4,-0.383990613747336,0.3870548451812769,1.4503914531384854
1,4,-0.36219227186274844,0.18791178248785342,1.3751614925099425
1,4,-0.5889796741319995,0.32568714810433574,1.4287814065901419
1,4,-0.6373029279345359,-0.1352339477862821,1.289875133299296
1,4,0.016449895264874805,0.3595897286992168,1.4381052172546709
1,4,-0.5721558995042161,0.13468988634092646,1.390285026727655
1,4,-0.46672931739357865,0.19439808502876196,1.3945714825817974
1,4,0.009192561999384476,-0.5725148148243555,1.2643470652466033
1,4,-0.3310752034065109,-0.505191352401857,1.2624835210394003
1,4,-0.3310752034065109,-0.505191352401857,1.2624835210394003
1,4,-0.4244306464012639,-0.49691145155549876,1.2710968714330382
1,4,-0.5376229167413693,-0.5307883906087428,1.3081714447514456
1,4,-0.6484557218129888,-0.34830588060756174,1.3177608660893982
1,4,-0.43102684451195417,-0.560054070224797,1.2903105073930918
1,4,-0.6333657407507454,-0.2805678071111631,1.2878466519064626
1,4,0.005753012920439052,0.21008062768430572,1.3914360733427327
1,4,0.0046654348633657396,0.3481240540615383,1.4256871130819013
1,4,-0.36912929981927206,0.2886310334580196,1.4116623826846157
1,4,-0.6438088532479557,-0.039870946684400284,1.3110670282277566
1,4,-0.6438088532479557,-0.039870946684400284,1.3110670282277566
1,4,-0.002893351782609726,-0.6830737993753925,1.2837664442155226
1,4,-0.5634971766291468,0.15455302439782517,1.3791507197996908
1,4,-0.3618869638225969,0.16549042977259332,1.3886277998916556
1,4,-0.19278470626883093,-0.0726443227331827,0.31642350493003873
1,4,-0.006320073802694415,-0.6846510111315544,1.2737355703087723
1,4,-0.6345624140236841,-0.3239655289369092,1.2965473748285836
1,4,-0.3776481948618504,0.3952614221156459,1.4497551073447004
1,4,-0.3244435764356117,-0.4454366252869629,1.2519831161279702
1,4,-0.3729422466485371,0.33414320663753283,1.4322824915526302
1,4,-0.46794755905798974,0.23636946073711945,1.4152270754155893
1,4,-0.4709811913210712,0.2564537220883003,1.424205261929103
1,4,-0.42537930259567747,-0.5506772328359527,1.2874972863058236
1,4,-0.42681998218212736,-0.6009953393810475,1.2917266769912628
1,4,-0.015969017939670153,0.35572548437116724,1.4181254196235047
1,4,-0.015969017939670153,0.35572548437116724,1.4181254196235047
1,4,-0.32921911804026177,-0.5888705752363245,1.2730787494660345
1,4,-0.0193158822665463,0.40762893812243095,1.4249117061256964
1,4,-0.018906575950481907,-0.5606706318745623,1.2649232883319295
1,4,-0.7903985917895925,-0.31046920491110275,1.659373419205847
1,4,-0.33036458492936316,-0.6637892109332897,1.27888095924157
1,4,-0.7907921425769319,-0.3177336652500314,1.6606778991844104
1,4,-0.46091611946834843,0.22171883955573218,1.4054571316311646
1,4,-0.4217635392444558,-0.5748931342735595,1.2843694737055367
1,4,-0.5265314181357594,-0.10035110299980936,1.0497931407781687
1,4,-0.5265314181357594,-0.10035110299980936,1.0497931407781687
1,4,-0.5877096477079808,0.37390392858274024,1.4518557245856636
1,4,-0.5877096477079808,0.37390392858274024,1.4518557245856636
1,4,-0.03080655919192034,0.4344739633095959,1.439579157985541
1,4,-0.03199012999356602,0.3101038262468296,1.418457128274571
1,4,-0.02744843372118555,-0.4907566456773826,1.2506718384626356
1,4,-0.36707768345611236,0.2860996572195085,1.4281971956846442
1,4,-0.4722892170619475,0.31827275912005554,1.4422623617883443
1,4,-0.0316949528341206,-0.6492597126678256,1.2648341184387386
1,4,-0.41361870044335747,-0.49635912212944266,1.2690228838354667
1,4,-0.0316949528341206,-0.6492597126678256,1.2648341184387386
1,4,-0.3532927843882728,0.18967008172408623,1.37918625881551
1,4,-0.3532927843882728,0.18967008172408623,1.37918625881551
1,4,-0.036521351339692754,0.22742220600746407,1.3939968971148091
1,4,-0.46663852577799436,0.30834754964260624,1.4362149443364787
1,4,-0.46578467584581446,0.2866619029692004,1.4318118090098684
1,4,-0.037322235492227705,-0.6314516720203626,1.271749807567163
1,4,-0.4146761957474205,-0.4740677714177685,1.2779443892457927
1,4,-0.6144054866959769,-0.36631758989616725,1.2728523417303765
1,4,-0.6483600069131524,-0.6118077644232129,1.3432650485565247
1,4,-0.04695317332647085,0.47423409730587224,1.4575085462697406
1,4,-0.04013156764519267,-0.5510854346470375,1.255273295396254
1,4,-0.4724674765754982,0.389572406150001,1.455785420213118
1,4,-0.039799535471535905,-0.5216614156540714,1.2449246164818304
1,4,-0.3534104404870516,0.21472354551295017,1.3903105367039843
1,4,-0.41620833191567347,-0.5422027378166632,1.2842449077627638
1,4,-0.5185481383404044,-0.5015044562693481,1.2972325193056418
1,4,-0.5185481383404044,-0.5015044562693481,1.2972325193056418
1,4,-0.3534104404870516,0.21472354551295017,1.3903105367039843
1,4,-0.41855729014787535,-0.6123711854487145,1.2911769315767936
1,4,-0.41855729014787535,-0.6123711854487145,1.2911769315767936
1,4,-0.6978778667442839,0.3073505126718794,1.4484240144627925
1,4,-0.04587850589998479,-0.47817312979896215,1.249145714635239
1,4,-0.5815587462606249,0.416489707572576,1.4567270421598755
1,4,-0.3604162036147376,0.28342614701494556,1.4261187643137552
1,4,-0.05843597466071928,0.32665798876818025,1.4227786206456319
1,4,-0.05562475521384292,-0.6224265558881232,1.2682779100933126
1,4,-0.05562475521384292,-0.6224265558881232,1.2682779100933126
1,4,-0.5122378773199745,-0.4981555654805516,1.2946217361076084
1,4,-0.5797616659218593,0.3769615821586694,1.464689551474125
1,4,-0.4584735353043582,0.26530250770195296,1.4329997626510065
1,4,-0.07257756244448814,0.3544428297264798,1.4247690691472323
1,4,-0.6748203633707618,0.23101305362306673,1.4120564803658093
1,4,-0.4155721435649721,-0.6701566410723491,1.2936183790264089
1,4,-0.5474242263919722,0.17132444844394223,1.3891717584785503
1,4,-0.06518361124762441,-0.4917818821147531,1.2528531206114677
1,4,-0.06518361124762441,-0.4917818821147531,1.2528531206114677
1,4,-0.06711847297685353,-0.5952934007378007,1.258105580894439
1,4,-0.5094219095323639,-0.5104472474902743,1.2955807625114164
1,4,-0.3216620463872581,-0.6782271683930747,1.2904703585297803
1,4,-0.3216620463872581,-0.6782271683930747,1.2904703585297803
1,4,-0.06785548220674203,-0.4585147035052505,1.250630394275858
1,4,-0.06789915745875535,-0.4503679895091581,1.2583306219016284
1,4,-0.6926708958810681,0.3829827427771425,1.4589339239384707
1,4,-0.4535986190481959,0.30028808705315113,1.4355058587220884
1,4,-0.31749982670162114,-0.6701679061053907,1.2870181874570983
1,4,-0.4524845127157896,0.3740796735072345,1.4345894838794622
1,4,-0.0887170735170356,-0.6281187920815811,1.2591247699842552
1,4,-0.09052285925762736,-0.602852339789903,1.2618984503208062
1,4,-0.10130881279025535,0.2849606707752739,1.412648775781508
1,4,-0.1020272166011605,0.1843197014458443,1.3653673681207974
1,4,-0.09381541123231758,-0.49804865370561446,1.2513209775857468
1,4,-0.09701335930382668,-0.6062671659523363,1.2597668965368278
1,4,-0.09701335930382668,-0.6062671659523363,1.2597668965368278
1,4,-0.11709965458210946,0.3590555826033384,1.4344087756109063
1,4,-0.11709965458210946,0.3590555826033384,1.4344087756109063
1,4,-0.4323137881902591,0.21735621970272376,1.3843934845607002
1,4,-0.11552992130313777,0.27877179558934884,1.404245486821522
1,4,-0.10830718521351962,-0.6371162930001125,1.2754497028250018
1,4,-0.4000698567289104,-0.5368573906772807,1.2831630290357257
1,4,-0.12650027924464508,0.26724736273740496,1.4196756615375772
1,4,-0.4478117257018653,0.3067946912953698,1.44102802332606
1,4,-0.4478117257018653,0.3067946912953698,1.44102802332606
1,4,-0.13280295422829777,0.27010458600059534,1.4172622638163377
1,4,-0.11981433797081031,-0.6426682552679972,1.2700962996826668
1,4,-0.1153543711599966,-0.4381033230256239,1.2292729995108373
1,4,-0.136049219697611,0.2743759943280785,1.415640701237192
1,4,-0.12129072726260708,-0.594421751066188,1.2532547177059685
1,4,-0.14308830516196133,0.4406919062278321,1.4628651854778472
1,4,-0.12473433421081287,-0.4566306513842582,1.2583565938075945
1,4,-0.1405469007467489,0.23754202502708416,1.3851972002997806
1,4,-0.6084854948962932,-0.49307026850706015,1.3150470925215552
1,4,-0.12850841575076283,-0.5956580760502624,1.2517022305356065
1,4,-0.1290485012431865,-0.5343169666535366,1.2493425145719996
1,4,-0.12820365644529064,-0.4424828177155963,1.2409114715717044
1,4,-0.13080048931757923,-0.6027279198351582,1.255980698342879
1,4,-0.1535819953299045,0.3545808444174637,1.4285623656261615
1,4,-0.3006854566114157,-0.49122057975740535,1.2648500356996921
1,4,-0.4434409935787887,0.35261697007677506,1.446291783743552
1,4,-0.1383812337015695,-0.5330009693571379,1.2388057773690462
1,4,-0.1383812337015695,-0.5330009693571379,1.2388057773690462
1,4,-0.16347717596404338,0.3544035187152507,1.4283028815300556
1,4,-0.1462943293907493,-0.5703984816023017,1.2609104510948936
1,4,-0.33253667631737954,0.22766035276711366,1.4022642436526853
1,4,-0.1507686003324842,-0.6558281076357619,1.2740934006256042
1,4,-0.5266012330244155,0.2076464959654498,1.3946407600964905
1,4,-0.3260710518890204,0.14432806948992896,1.3824368148490738
1,4,-0.1518218979419649,-0.5801723127327261,1.2495008809261097
1,4,-0.4887345272974019,-0.6061423337737125,1.2945145586226918
1,4,-0.17116841677565897,0.16029339118344396,1.3670694776901604
1,4,-0.2997973799276349,-0.6236789285180397,1.2740877761873135
1,4,-0.1806329484459579,0.30557958128469,1.4299591631094393
1,4,-0.1806329484459579,0.30557958128469,1.4299591631094393
1,4,-0.18366536981251505,0.40206750641555844,1.442943287911386
1,4,-0.1791386118731957,0.2504809835030854,1.4103500250933103
1,4,-0.1625499915639595,-0.6570717058886422,1.270344561477608
1,4,-0.1625499915639595,-0.6570717058886422,1.270344561477608
1,4,-0.2965782122984564,-0.5724864454023686,1.2666105548609703
1,4,-0.2965782122984564,-0.5724864454023686,1.2666105548609703
1,4,-0.1835186860727023,0.37468524767131867,1.4339690951959254
1,4,-0.29468653701303593,-0.5421324167484792,1.2604768762028895
1,4,-0.1644005028717864,-0.6284327313012902,1.2716661723676563
1,4,-0.16523905803118824,-0.6656315356113522,1.2747030643015467
1,4,-0.33295768014025107,0.27670504482697655,1.4236705734838675
1,4,-0.29551015166131683,-0.5864532601426135,1.2688565100773948
1,4,-0.1695309508252727,-0.6634434963403686,1.266231476964409
1,4,-0.16613913712344416,-0.46301789718499337,1.2490228135508492
1,4,-0.19272378017485026,0.3893407940854223,1.4386400125879737
1,4,-0.19424198523650396,0.3999786896284851,1.4441600534296783
1,4,-0.49267362640933604,-0.6785339187018246,1.314347284649025
1,4,-0.1759833939835871,-0.6554943338157219,1.2751030753144432
1,4,-0.19995864632068405,0.4181596397992652,1.4452878214516889
1,4,-0.17645158131999567,-0.6639966726823399,1.2733617905157437
1,4,-0.6373771021542084,0.19520975606727364,1.4084310236604027
1,4,-0.2982349553479211,-0.6595513916494745,1.289465916846561
1,4,-0.2027989428871703,0.40628693643844166,1.4476568855616894
1,4,-0.2027989428871703,0.40628693643844166,1.4476568855616894
1,4,-0.2895334492505782,-0.498268700594783,1.258645703802827
1,4,-0.1925917702953838,0.15120794121684206,1.3558841178201058
1,4,-0.2034243472814937,0.3029627058323593,1.4189961295983928
1,4,-0.1980866604068812,0.18288070339439438,1.3845230041594907
1,4,-0.1800912192776125,-0.58500455262569,1.257474255498352
1,4,-0.6550825912078825,0.43985321715199044,1.4522376964913966
1,4,-0.17960517230099884,-0.5622953851067298,1.252990803757187
1,4,-0.3784533071347833,-0.4995021520864263,1.2768844658469174
1,4,-0.5222255983461539,0.229439569363771,1.4111863743635826
1,4,-0.20797283148809248,0.22614472688027895,1.4107196403131688
1,4,-0.1909639857093577,-0.6612002547251339,1.2673557879218136
1,4,-0.1909639857093577,-0.6612002547251339,1.2673557879218136
1,4,-0.41696585420882193,0.27030013179756657,1.4170994411585898
1,4,-0.5350290594434474,0.3547506530134071,1.454109582480331
1,4,-0.5350290594434474,0.3547506530134071,1.454109582480331
1,4,-0.21212163737936263,0.23242618205703178,1.399923516049734
1,4,-0.47038011918624895,-0.46296188775264324,1.2802269729249065
1,4,-0.19109654757413547,-0.5607083566436095,1.259548905014094
1,4,-0.19286049425262458,-0.5508601538064403,1.2516865130977037
1,4,-0.2166845699796895,0.20228450146162866,1.40071167132982
1,4,-0.19280344469169544,-0.4430484248899465,1.23486749804147
1,4,-0.3758031153332644,-0.5647672286142987,1.2813847710915682
1,4,-0.5909901079542657,-0.5609045372576652,1.322427637355381
1,4,-0.21984210415600747,0.18300624181670713,1.3786695892150516
1,4,-0.20552715947541536,-0.6578823940288929,1.2722614697974066
1,4,-0.20726451145008792,-0.6604322260632173,1.2651420931952357
1,4,-0.23240265178488476,0.2899782875483472,1.4188055905931019
1,4,-0.23240265178488476,0.2899782875483472,1.4188055905931019
1,4,-0.24051195583684698,0.3920250384305906,1.448118795712282
1,4,-0.24067662580376856,0.4636063767070933,1.4452882355943826
1,4,-0.33245975461260263,0.4675130371792406,1.4699093797291176
1,4,-0.21022838149935263,-0.4615500415405068,1.2480789637543104
1,4,-0.41951838325495555,0.3828897121506799,1.437683587065094
1,4,-0.3275654226973102,0.3881845142867426,1.4542325525473565
1,4,-0.40662027576552967,0.14384691497278665,1.4011279134863148
1,4,-0.6129606842711098,0.1299095321636932,1.3824003892325323
1,4,-0.24916494656545796,0.4173031434819778,1.452593764159734
1,4,-0.28200569949385507,-0.5231395010527814,1.2600501418708208
1,4,-0.2448128217162333,0.345912141117734,1.425891912677864
1,4,-0.3934892718565236,0.1274086455857495,1.3589847219909434
1,4,-0.2448664369194423,0.15509387892029075,1.3835711073805363
1,4,-0.2448664369194423,0.15509387892029075,1.3835711073805363
1,4,-0.27835904232322395,-0.4526843914612526,1.2516425474085742
1,4,-0.27835904232322395,-0.4526843914612526,1.2516425474085742
1,4,-0.25588988207868063,0.34007268956009173,1.4348364965241287
1,4,-0.5243269104641158,0.36925761527397366,1.4492673080381757
1,4,-0.25855626258571585,0.36924348318444217,1.438333516416546
1,4,-0.25516953243705454,0.2556200513305085,1.4135854795722993
1,4,-0.6284613070182676,0.2971278164803771,1.4253098555032586
1,4,-0.26681380944388766,0.38740657400463946,1.4491725457330458
1,4,-0.5873757097577104,-0.6935566596557472,1.3348800573835498
1,4,-0.40075046452344304,0.209356539938878,1.3947408822570728
1,4,-0.284283591032711,-0.5841812598034987,1.2681559911836133
1,4,-0.1622578345267753,0.44725192366236394,1.449113124838941
1,4,-0.19027675772908,0.2908493891362146,1.4119545722437328
1,4,-0.6320876509974986,0.4297490998784214,1.4608930198531693
1,4,-0.2473551188872065,0.33588853649050143,1.4383390153483855
1,4,-0.5759030751561707,0.40925376937590413,1.4560210443280837
1,4,-0.33570946688868764,0.4575313690112274,1.4686737593918129
1,4,0.05560842378882142,-0.4662386848724387,1.26081408178093
1,4,-0.03483119585957248,0.15084098203774676,1.3642562120957613
1,4,-0.4693433538676836,0.3329773994998321,1.4443982815056295
1,4,-0.5786273004157988,0.38464289361781523,1.4564366281534435
1,4,-0.33570946688868764,0.4575313690112274,1.4686737593918129
1,4,-0.39815306392203004,0.16868681484464113,1.3785424119922083
1,4,-0.03873562747780881,0.2122641138883757,1.3797289456155597
1,4,-0.6832315877024397,-0.006981078110917098,1.3542301593454327
1,4,-0.3627979778928947,-0.4556258725491575,1.2605088365947987
1,4,-0.6410921255124936,0.4315572470124088,1.4537781508287633
1,4,-0.11117994102506357,-0.6239612954183232,1.2673040676720733
1,4,-0.5726412865216234,-0.6766696255194973,1.3290529661643014
1,4,-0.21596299176909978,-0.5163196130836343,1.2434063100411605
1,4,0.03757387970721295,-0.606186243810888,1.269377426022361
1,4,-0.6711261153518051,-0.10557030668272852,1.338012413740136
1,4,-0.5288432920525068,-0.6961844813896515,1.3124373585510973
1,4,-0.36480296492584185,0.2042797380690535,1.3715917545215284
1,4,-0.6660506709196017,-0.5810898116259174,1.3355876241998017
1,4,-0.35360103455157826,0.4369875985484114,1.452855137758415
1,4,-0.4592254006618666,0.3177065209600703,1.4374155611655905
1,4,-0.12247755807673348,0.37621849947536545,1.4236313220286216
1,4,-0.36079456905735574,-0.4781141534187972,1.2720823962850956
1,4,-0.36079456905735574,-0.4781141534187972,1.2720823962850956
1,4,-0.10609984295981197,-0.5210971060651114,1.2491647396109749
1,4,-0.18558418823902262,0.4105719523499358,1.4449788193396982
1,4,0.01683000295405302,0.2887029154620653,1.3948838756825477
1,4,-0.18467731521639122,0.23833327795444,1.3961967119362466
1,4,-0.6213103873047657,0.16966058840999007,1.387837666980623
1,4,-0.6213103873047657,0.16966058840999007,1.387837666980623
1,4,-0.05158653805696077,0.1746455932339937,1.368425642081407
1,4,-0.4074957589403626,-0.657476497106063,1.2904580504088994
1,4,-0.33357310823478403,0.17805606175575484,1.3642238845089898
1,4,-0.5891611706994232,-0.5061359372304151,1.3117477284568952
1,4,-0.45334276960380615,0.31530609124010683,1.441904088534729
1,4,-0.26711838182085557,0.24412083884289426,1.3961332650121878
1,4,-0.3144693344985756,0.44167634103500125,1.4585434050104984
1,4,-0.7038916915150071,0.380209566367717,1.4572866885303888
1,4,-0.08240604275308874,0.25820649167555726,1.393504640633457
1,4,-0.05914051140293,0.2686387119662233,1.4217560032075958
1,4,-0.1676871034895216,0.4233813458766454,1.4475613224981807
1,4,-0.051471359254294774,-0.5593379557244961,1.2550804861222518
1,4,-0.25446055993750344,0.3518553591993897,1.4339162184159329
1,4,-0.33912771419172905,0.20798014862152078,1.3921101234223374
1,4,-0.3642986936898797,0.4304319158991843,1.4420999577841864
1,4,-0.3516025433477163,0.17527695429993148,1.3529189028585702
1,4,-0.4479574600752549,0.28989220425599305,1.4398549188642331
1,4,-0.01041852654366579,0.33539816783472975,1.4169980721136393
1,4,-0.4357213373914852,0.30626826598995005,1.4343365485194761
1,4,-0.2973046967128885,0.14566234779093282,1.3727517285688466
1,4,-0.14491249520123853,-0.46313790973900926,1.2382285532841548
1,4,-0.2304422629641391,-0.6078025454434463,1.2597520449374868
1,4,-0.2661166278608261,0.19748589571623165,1.386466904397319
1,4,-0.2304422629641391,-0.6078025454434463,1.2597520449374868
1,4,-0.6370725261719534,-0.6308353050458402,1.341501645520326
1,4,-0.34153076498495294,0.2083421363410481,1.4008818711885611
1,4,-0.5985855974672659,0.3179518965231009,1.4402693159042554
1,4,-0.05671167648041839,-0.4881769275951937,1.2510455344716376
1,4,-0.10052584071998456,0.363628901756141,1.4220629082103833
1,4,-0.06787994751397215,-0.48442315365181987,1.251796394310681
1,4,-0.01821843526087914,-0.6332013498434038,1.2776450448623593
1,4,-0.2773050597901048,0.22812521032112626,1.4002917883322001
1,4,-0.2825456213430157,0.3023711801435072,1.4205458498426475
1,4,-0.6553816031140876,0.2770593066472581,1.4264022933014342
1,4,-0.2818335365148466,0.24492620176167945,1.3969137276680745
1,4,-0.2751645482708257,0.2976022837970451,1.414362136226904
1,4,-0.09685480097414419,-0.6243878401532977,1.2515053648390564
1,4,-0.5507041864534032,-0.5292615681040193,1.3083813880756447
1,4,-0.10052584071998456,0.363628901756141,1.4220629082103833
1,4,-0.42113464691527064,-0.4599275426207913,1.2817421894829868
1,4,-0.54077320993056,0.21054270353801094,1.396997599299576
1,4,-0.1302308938624585,0.16958344115664847,1.3674651550647956
1,4,-0.5532795205079987,0.3339898849731286,1.4325127059257592
1,4,-0.4767386657044922,0.31496343580944675,1.425178453418138
1,4,-0.1245132238625469,-0.6853399864678454,1.2809313342899684
1,4,-0.4298114466694148,-0.47799103575114366,1.2768392161635918
1,4,-0.21425676935659052,0.38747019825039175,1.4581649400935588
1,4,-0.5457269911400013,0.4459949663373146,1.447615538593958
1,4,-0.546437189386215,0.4119184540920751,1.4507187270870208
1,4,-0.23807107228618743,0.3040360114147373,1.420438226527449
1,4,-0.4964898580415209,0.34168435048837814,1.443289270862405
1,4,-0.1288991293208182,-0.5565375766614212,1.2555139782115796
1,4,-0.5013173520784171,0.3584544918760593,1.449973167198846
1,4,-0.24039035424143612,0.40876054499372494,1.4434907577333058
1,4,-0.150492761957806,0.43996242169052957,1.4426800519547813
1,4,-0.3303275881127654,0.2925947089103721,1.4382358133891018
1,4,-0.469103230751404,-0.5569910302539036,1.2860475079233737
1,4,-0.20996714324201324,-0.6216903279916708,1.2788191805112492
1,4,-0.20996714324201324,-0.6216903279916708,1.2788191805112492
1,4,-0.5175318263521119,0.3226630170048542,1.4295101381997253
1,4,-0.34709455043626514,0.3858982952981812,1.455214514382812
1,4,-0.1598702704423461,0.4404207697561333,1.445912673828598
1,4,-0.13800561364771477,-0.5659289135094662,1.254252616780161
1,4,-0.4584880582073704,-0.4748606621526013,1.2925875139528518
1,4,-0.46476776680658466,-0.5908209152641578,1.3031167700468378
1,4,0.08951144956987275,0.39724884111524483,1.4334336084278068
1,4,0.0930691229219918,0.2709659198198098,1.4073834922410666
1,4,-0.3439048653043893,-0.5338776085794307,1.263753982589129
1,4,0.15883901404170264,-0.6617651854203581,1.290109445368452
1,4,-0.35587128943726015,-0.6420408900867611,1.2843129479426776
1,4,-0.35587128943726015,-0.6420408900867611,1.2843129479426776
1,4,0.1809950051081805,-0.015778466520876926,1.3334219697074952
1,4,-0.5406447662948562,0.3456480079046272,1.4371893723626943
1,4,-0.4303222481428287,0.3803322891444414,1.4247019264698364
1,4,0.12479539517654227,0.3956410984139668,1.4323866749888259
1,4,-0.07859554555003329,0.21298493359618337,1.3942273154501792
1,4,-0.36009751173346705,0.29687670636157093,1.4294388860755824
1,4,-0.05667650688017103,0.26759240270335216,1.4031954372325919
1,4,0.0799357337107029,0.28764154296639216,1.4076869087475368
